observation_date,NIKKEI225
2020-09-14,23559.30
2020-09-15,23454.89
2020-09-16,23475.53
2020-09-17,23319.37
2020-09-18,23360.30
2020-09-21,
2020-09-22,
2020-09-23,23346.49
2020-09-24,23087.82
2020-09-25,23204.62
2020-09-28,23511.62
2020-09-29,23539.10
2020-09-30,23185.12
2020-10-01,23185.12
2020-10-02,23029.90
2020-10-05,23312.14
2020-10-06,23433.73
2020-10-07,23422.82
2020-10-08,23647.07
2020-10-09,23619.69
2020-10-12,23558.69
2020-10-13,23601.78
2020-10-14,23626.73
2020-10-15,23507.23
2020-10-16,23410.63
2020-10-19,23671.13
2020-10-20,23567.04
2020-10-21,23639.46
2020-10-22,23474.27
2020-10-23,23516.59
2020-10-26,23494.34
2020-10-27,23485.80
2020-10-28,23418.51
2020-10-29,23331.94
2020-10-30,22977.13
2020-11-02,23295.48
2020-11-03,
2020-11-04,23695.23
2020-11-05,24105.28
2020-11-06,24325.23
2020-11-09,24839.84
2020-11-10,24905.59
2020-11-11,25349.60
2020-11-12,25520.88
2020-11-13,25385.87
2020-11-16,25906.93
2020-11-17,26014.62
2020-11-18,25728.14
2020-11-19,25634.34
2020-11-20,25527.37
2020-11-23,
2020-11-24,26165.59
2020-11-25,26296.86
2020-11-26,26537.31
2020-11-27,26644.71
2020-11-30,26433.62
2020-12-01,26787.54
2020-12-02,26800.98
2020-12-03,26809.37
2020-12-04,26751.24
2020-12-07,26547.44
2020-12-08,26467.08
2020-12-09,26817.94
2020-12-10,26756.24
2020-12-11,26652.52
2020-12-14,26732.44
2020-12-15,26687.84
2020-12-16,26757.40
2020-12-17,26806.67
2020-12-18,26763.39
2020-12-21,26714.42
2020-12-22,26436.39
2020-12-23,26524.79
2020-12-24,26668.35
2020-12-25,26656.61
2020-12-28,26854.03
2020-12-29,27568.15
2020-12-30,27444.17
2020-12-31,
2021-01-01,
2021-01-04,27258.38
2021-01-05,27158.63
2021-01-06,27055.94
2021-01-07,27490.13
2021-01-08,28139.03
2021-01-11,
2021-01-12,28164.34
2021-01-13,28456.59
2021-01-14,28698.26
2021-01-15,28519.18
2021-01-18,28242.21
2021-01-19,28633.46
2021-01-20,28523.26
2021-01-21,28756.86
2021-01-22,28631.45
2021-01-25,28822.29
2021-01-26,28546.18
2021-01-27,28635.21
2021-01-28,28197.42
2021-01-29,27663.39
2021-02-01,28091.05
2021-02-02,28362.17
2021-02-03,28646.50
2021-02-04,28341.95
2021-02-05,28779.19
2021-02-08,29388.50
2021-02-09,29505.93
2021-02-10,29562.93
2021-02-11,
2021-02-12,29520.07
2021-02-15,30084.15
2021-02-16,30467.75
2021-02-17,30292.19
2021-02-18,30236.09
2021-02-19,30017.92
2021-02-22,30156.03
2021-02-23,
2021-02-24,29671.70
2021-02-25,30168.27
2021-02-26,28966.01
2021-03-01,29663.50
2021-03-02,29408.17
2021-03-03,29559.10
2021-03-04,28930.11
2021-03-05,28864.32
2021-03-08,28743.25
2021-03-09,29027.94
2021-03-10,29036.56
2021-03-11,29211.64
2021-03-12,29717.83
2021-03-15,29766.97
2021-03-16,29921.09
2021-03-17,29914.33
2021-03-18,30216.75
2021-03-19,29792.05
2021-03-22,29174.15
2021-03-23,28995.92
2021-03-24,28405.52
2021-03-25,28729.88
2021-03-26,29176.70
2021-03-29,29384.52
2021-03-30,29432.70
2021-03-31,29178.80
2021-04-01,29388.87
2021-04-02,29854.00
2021-04-05,30089.25
2021-04-06,29696.63
2021-04-07,29730.79
2021-04-08,29708.98
2021-04-09,29768.06
2021-04-12,29538.73
2021-04-13,29751.61
2021-04-14,29620.99
2021-04-15,29642.69
2021-04-16,29683.37
2021-04-19,29685.37
2021-04-20,29100.38
2021-04-21,28508.55
2021-04-22,29188.17
2021-04-23,29020.63
2021-04-26,29126.23
2021-04-27,28991.89
2021-04-28,29053.97
2021-04-29,
2021-04-30,28812.63
2021-05-03,
2021-05-04,
2021-05-05,
2021-05-06,29331.37
2021-05-07,29357.82
2021-05-10,29518.34
2021-05-11,28608.59
2021-05-12,28147.51
2021-05-13,27448.01
2021-05-14,28084.47
2021-05-17,27824.83
2021-05-18,28406.84
2021-05-19,28044.45
2021-05-20,28098.25
2021-05-21,28317.83
2021-05-24,28364.61
2021-05-25,28553.98
2021-05-26,28642.19
2021-05-27,28549.01
2021-05-28,29149.41
2021-05-31,28860.08
2021-06-01,28814.34
2021-06-02,28946.14
2021-06-03,29058.11
2021-06-04,28941.52
2021-06-07,29019.24
2021-06-08,28963.56
2021-06-09,28860.80
2021-06-10,28958.56
2021-06-11,28948.73
2021-06-14,29161.80
2021-06-15,29441.30
2021-06-16,29291.01
2021-06-17,29018.33
2021-06-18,28964.08
2021-06-21,28010.93
2021-06-22,28884.13
2021-06-23,28874.89
2021-06-24,28875.23
2021-06-25,29066.18
2021-06-28,29048.02
2021-06-29,28812.61
2021-06-30,28791.53
2021-07-01,28707.04
2021-07-02,28783.28
2021-07-05,28598.19
2021-07-06,28643.21
2021-07-07,28366.95
2021-07-08,28118.03
2021-07-09,27940.42
2021-07-12,28569.02
2021-07-13,28718.24
2021-07-14,28608.49
2021-07-15,28279.09
2021-07-16,28003.08
2021-07-19,27652.74
2021-07-20,27388.16
2021-07-21,27548.00
2021-07-22,
2021-07-23,
2021-07-26,27833.29
2021-07-27,27970.22
2021-07-28,27581.66
2021-07-29,27782.42
2021-07-30,27283.59
2021-08-02,27781.02
2021-08-03,27641.83
2021-08-04,27584.08
2021-08-05,27728.12
2021-08-06,27820.04
2021-08-09,
2021-08-10,27888.15
2021-08-11,28070.51
2021-08-12,28015.02
2021-08-13,27977.15
2021-08-16,27523.19
2021-08-17,27424.47
2021-08-18,27585.91
2021-08-19,27281.17
2021-08-20,27013.25
2021-08-23,27494.24
2021-08-24,27732.10
2021-08-25,27724.80
2021-08-26,27742.29
2021-08-27,27641.14
2021-08-30,27789.29
2021-08-31,28089.54
2021-09-01,28451.02
2021-09-02,28543.51
2021-09-03,29128.11
2021-09-06,29659.89
2021-09-07,29916.14
2021-09-08,30181.21
2021-09-09,30008.19
2021-09-10,30381.84
2021-09-13,30447.37
2021-09-14,30670.10
2021-09-15,30511.71
2021-09-16,30323.34
2021-09-17,30500.05
2021-09-20,
2021-09-21,29839.71
2021-09-22,29639.40
2021-09-23,
2021-09-24,30248.81
2021-09-27,30240.06
2021-09-28,30183.96
2021-09-29,29544.29
2021-09-30,29452.66
2021-10-01,28771.07
2021-10-04,28444.89
2021-10-05,27822.12
2021-10-06,27528.87
2021-10-07,27678.21
2021-10-08,28048.94
2021-10-11,28498.20
2021-10-12,28230.61
2021-10-13,28140.28
2021-10-14,28550.93
2021-10-15,29068.63
2021-10-18,29025.46
2021-10-19,29215.52
2021-10-20,29255.55
2021-10-21,28708.58
2021-10-22,28804.85
2021-10-25,28600.41
2021-10-26,29106.01
2021-10-27,29098.24
2021-10-28,28820.09
2021-10-29,28892.69
2021-11-01,29647.08
2021-11-02,29520.90
2021-11-03,
2021-11-04,29794.37
2021-11-05,29611.57
2021-11-08,29507.05
2021-11-09,29285.46
2021-11-10,29106.78
2021-11-11,29277.86
2021-11-12,29609.97
2021-11-15,29776.80
2021-11-16,29808.12
2021-11-17,29688.33
2021-11-18,29598.66
2021-11-19,29745.87
2021-11-22,29774.11
2021-11-23,
2021-11-24,29302.66
2021-11-25,29499.28
2021-11-26,28751.62
2021-11-29,28283.92
2021-11-30,27821.76
2021-12-01,27935.62
2021-12-02,27753.37
2021-12-03,28029.57
2021-12-06,27927.37
2021-12-07,28455.60
2021-12-08,28860.62
2021-12-09,28725.47
2021-12-10,28437.77
2021-12-13,28640.49
2021-12-14,28432.64
2021-12-15,28459.72
2021-12-16,29066.32
2021-12-17,28545.68
2021-12-20,27937.81
2021-12-21,28517.59
2021-12-22,28562.21
2021-12-23,28798.37
2021-12-24,28782.59
2021-12-27,28676.46
2021-12-28,29069.16
2021-12-29,28906.88
2021-12-30,28791.71
2021-12-31,
2022-01-03,
2022-01-04,29301.79
2022-01-05,29332.16
2022-01-06,28487.87
2022-01-07,28478.56
2022-01-10,
2022-01-11,28222.48
2022-01-12,28765.66
2022-01-13,28489.13
2022-01-14,28124.28
2022-01-17,28333.52
2022-01-18,28257.25
2022-01-19,27467.23
2022-01-20,27772.93
2022-01-21,27522.26
2022-01-24,27588.37
2022-01-25,27131.34
2022-01-26,27011.33
2022-01-27,26170.30
2022-01-28,26717.34
2022-01-31,27001.98
2022-02-01,27078.48
2022-02-02,27533.60
2022-02-03,27241.31
2022-02-04,27439.99
2022-02-07,27248.87
2022-02-08,27284.52
2022-02-09,27579.87
2022-02-10,27696.08
2022-02-11,
2022-02-14,27079.59
2022-02-15,26865.19
2022-02-16,27460.40
2022-02-17,27232.87
2022-02-18,27122.07
2022-02-21,26910.87
2022-02-22,26449.61
2022-02-23,
2022-02-24,25970.82
2022-02-25,26476.50
2022-02-28,26526.82
2022-03-01,26844.72
2022-03-02,26393.03
2022-03-03,26577.27
2022-03-04,25985.47
2022-03-07,25221.41
2022-03-08,24790.95
2022-03-09,24717.53
2022-03-10,25690.40
2022-03-11,25162.78
2022-03-14,25307.85
2022-03-15,25346.48
2022-03-16,25762.01
2022-03-17,26652.89
2022-03-18,26827.43
2022-03-21,
2022-03-22,27224.11
2022-03-23,28040.16
2022-03-24,28110.39
2022-03-25,28149.84
2022-03-28,27943.89
2022-03-29,28252.42
2022-03-30,28027.25
2022-03-31,27821.43
2022-04-01,27665.98
2022-04-04,27736.47
2022-04-05,27787.98
2022-04-06,27350.30
2022-04-07,26888.57
2022-04-08,26985.80
2022-04-11,26821.52
2022-04-12,26334.98
2022-04-13,26843.49
2022-04-14,27172.00
2022-04-15,27093.19
2022-04-18,26799.71
2022-04-19,26985.09
2022-04-20,27217.85
2022-04-21,27553.06
2022-04-22,27105.26
2022-04-25,26590.78
2022-04-26,26700.11
2022-04-27,26386.63
2022-04-28,26847.90
2022-04-29,
2022-05-02,26818.53
2022-05-03,
2022-05-04,
2022-05-05,
2022-05-06,27003.56
2022-05-09,26319.34
2022-05-10,26167.10
2022-05-11,26213.64
2022-05-12,25748.72
2022-05-13,26427.65
2022-05-16,26547.05
2022-05-17,26659.75
2022-05-18,26911.20
2022-05-19,26402.84
2022-05-20,26739.03
2022-05-23,27001.52
2022-05-24,26748.14
2022-05-25,26677.80
2022-05-26,26604.84
2022-05-27,26781.68
2022-05-30,27369.43
2022-05-31,27279.80
2022-06-01,27457.89
2022-06-02,27413.88
2022-06-03,27761.57
2022-06-06,27915.89
2022-06-07,27943.95
2022-06-08,28234.29
2022-06-09,28246.53
2022-06-10,27824.29
2022-06-13,26987.44
2022-06-14,26629.86
2022-06-15,26326.16
2022-06-16,26431.20
2022-06-17,25963.00
2022-06-20,25771.22
2022-06-21,26246.31
2022-06-22,26149.55
2022-06-23,26171.25
2022-06-24,26491.97
2022-06-27,26871.27
2022-06-28,27049.47
2022-06-29,26804.60
2022-06-30,26393.04
2022-07-01,25935.62
2022-07-04,26153.81
2022-07-05,26423.47
2022-07-06,26107.65
2022-07-07,26490.53
2022-07-08,26517.19
2022-07-11,26812.30
2022-07-12,26336.66
2022-07-13,26478.77
2022-07-14,26643.39
2022-07-15,26788.47
2022-07-18,
2022-07-19,26961.68
2022-07-20,27680.26
2022-07-21,27803.00
2022-07-22,27914.66
2022-07-25,27699.25
2022-07-26,27655.21
2022-07-27,27715.75
2022-07-28,27815.48
2022-07-29,27801.64
2022-08-01,27993.35
2022-08-02,27594.73
2022-08-03,27741.90
2022-08-04,27932.20
2022-08-05,28175.87
2022-08-08,28249.24
2022-08-09,27999.96
2022-08-10,27819.33
2022-08-11,
2022-08-12,28546.98
2022-08-15,28871.78
2022-08-16,28868.91
2022-08-17,29222.77
2022-08-18,28942.14
2022-08-19,28930.33
2022-08-22,28794.50
2022-08-23,28452.75
2022-08-24,28313.47
2022-08-25,28479.01
2022-08-26,28641.38
2022-08-29,27878.96
2022-08-30,28195.58
2022-08-31,28091.53
2022-09-01,27661.47
2022-09-02,27650.84
2022-09-05,27619.61
2022-09-06,27626.51
2022-09-07,27430.30
2022-09-08,28065.28
2022-09-09,28214.75
2022-09-12,28542.11
2022-09-13,28614.63
2022-09-14,27818.62
2022-09-15,27875.91
2022-09-16,27567.65
2022-09-19,
2022-09-20,27688.42
2022-09-21,27313.13
2022-09-22,27153.83
2022-09-23,
2022-09-26,26431.55
2022-09-27,26571.87
2022-09-28,26173.98
2022-09-29,26422.05
2022-09-30,25937.21
2022-10-03,26215.79
2022-10-04,26992.21
2022-10-05,27120.53
2022-10-06,27311.30
2022-10-07,27116.11
2022-10-10,
2022-10-11,26401.25
2022-10-12,26396.83
2022-10-13,26237.42
2022-10-14,27090.76
2022-10-17,26775.79
2022-10-18,27156.14
2022-10-19,27257.38
2022-10-20,27006.96
2022-10-21,26890.58
2022-10-24,26974.90
2022-10-25,27250.28
2022-10-26,27431.84
2022-10-27,27345.24
2022-10-28,27105.20
2022-10-31,27587.46
2022-11-01,27678.92
2022-11-02,27663.39
2022-11-03,
2022-11-04,27199.74
2022-11-07,27527.64
2022-11-08,27872.11
2022-11-09,27716.43
2022-11-10,27446.10
2022-11-11,28263.57
2022-11-14,27963.47
2022-11-15,27990.17
2022-11-16,28028.30
2022-11-17,27930.57
2022-11-18,27899.77
2022-11-21,27944.79
2022-11-22,28115.74
2022-11-23,
2022-11-24,28383.09
2022-11-25,28283.03
2022-11-28,28162.83
2022-11-29,28027.84
2022-11-30,27968.99
2022-12-01,28226.08
2022-12-02,27777.90
2022-12-05,27820.40
2022-12-06,27885.87
2022-12-07,27686.40
2022-12-08,27574.43
2022-12-09,27901.01
2022-12-12,27842.33
2022-12-13,27954.85
2022-12-14,28156.21
2022-12-15,28051.70
2022-12-16,27527.12
2022-12-19,27237.64
2022-12-20,26568.03
2022-12-21,26387.72
2022-12-22,26507.87
2022-12-23,26235.25
2022-12-26,26405.87
2022-12-27,26447.87
2022-12-28,26340.50
2022-12-29,26093.67
2022-12-30,26094.50
2023-01-02,
2023-01-03,
2023-01-04,25716.86
2023-01-05,25820.80
2023-01-06,25973.85
2023-01-09,
2023-01-10,26175.56
2023-01-11,26446.00
2023-01-12,26449.82
2023-01-13,26119.52
2023-01-16,25822.32
2023-01-17,26138.68
2023-01-18,26791.12
2023-01-19,26405.23
2023-01-20,26553.53
2023-01-23,26906.04
2023-01-24,27299.19
2023-01-25,27395.01
2023-01-26,27362.75
2023-01-27,27382.56
2023-01-30,27433.40
2023-01-31,27327.11
2023-02-01,27346.88
2023-02-02,27402.05
2023-02-03,27509.46
2023-02-06,27693.65
2023-02-07,27685.47
2023-02-08,27606.46
2023-02-09,27584.35
2023-02-10,27670.98
2023-02-13,27427.32
2023-02-14,27602.77
2023-02-15,27501.86
2023-02-16,27696.44
2023-02-17,27513.13
2023-02-20,27531.94
2023-02-21,27473.10
2023-02-22,27104.32
2023-02-23,
2023-02-24,27453.48
2023-02-27,27423.96
2023-02-28,27445.56
2023-03-01,27516.53
2023-03-02,27498.87
2023-03-03,27927.47
2023-03-06,28237.78
2023-03-07,28309.16
2023-03-08,28444.19
2023-03-09,28623.15
2023-03-10,28143.97
2023-03-13,27832.96
2023-03-14,27222.04
2023-03-15,27229.48
2023-03-16,27010.61
2023-03-17,27333.79
2023-03-20,26945.67
2023-03-21,
2023-03-22,27466.61
2023-03-23,27419.61
2023-03-24,27385.25
2023-03-27,27476.87
2023-03-28,27518.25
2023-03-29,27883.78
2023-03-30,27782.93
2023-03-31,28041.48
2023-04-03,28188.15
2023-04-04,28287.42
2023-04-05,27813.26
2023-04-06,27472.63
2023-04-07,27518.31
2023-04-10,27633.66
2023-04-11,27923.37
2023-04-12,28082.70
2023-04-13,28156.97
2023-04-14,28493.47
2023-04-17,28514.78
2023-04-18,28658.83
2023-04-19,28606.76
2023-04-20,28657.57
2023-04-21,28564.37
2023-04-24,28593.52
2023-04-25,28620.07
2023-04-26,28416.47
2023-04-27,28457.68
2023-04-28,28856.44
2023-05-01,29123.18
2023-05-02,29157.95
2023-05-03,
2023-05-04,
2023-05-05,
2023-05-08,28949.88
2023-05-09,29242.82
2023-05-10,29122.18
2023-05-11,29126.72
2023-05-12,29388.30
2023-05-15,29626.34
2023-05-16,29842.99
2023-05-17,30093.59
2023-05-18,30573.93
2023-05-19,30808.35
2023-05-22,31086.82
2023-05-23,30957.77
2023-05-24,30682.68
2023-05-25,30801.13
2023-05-26,30916.31
2023-05-29,31233.54
2023-05-30,31328.16
2023-05-31,30887.88
2023-06-01,31148.01
2023-06-02,31524.22
2023-06-05,32217.43
2023-06-06,32506.78
2023-06-07,31913.74
2023-06-08,31641.27
2023-06-09,32265.17
2023-06-12,32434.00
2023-06-13,33018.65
2023-06-14,33502.42
2023-06-15,33485.49
2023-06-16,33706.08
2023-06-19,33370.42
2023-06-20,33388.91
2023-06-21,33575.14
2023-06-22,33264.88
2023-06-23,32781.54
2023-06-26,32698.81
2023-06-27,32538.33
2023-06-28,33193.99
2023-06-29,33234.14
2023-06-30,33189.04
2023-07-03,33753.33
2023-07-04,33422.52
2023-07-05,33338.70
2023-07-06,32773.02
2023-07-07,32388.42
2023-07-10,32189.73
2023-07-11,32203.57
2023-07-12,31943.93
2023-07-13,32419.33
2023-07-14,32391.26
2023-07-17,
2023-07-18,32493.89
2023-07-19,32896.03
2023-07-20,32490.52
2023-07-21,32304.25
2023-07-24,32700.94
2023-07-25,32682.51
2023-07-26,32668.34
2023-07-27,32891.16
2023-07-28,32759.23
2023-07-31,33172.22
2023-08-01,33476.58
2023-08-02,32707.69
2023-08-03,32159.28
2023-08-04,32192.75
2023-08-07,32254.56
2023-08-08,32377.29
2023-08-09,32204.33
2023-08-10,32473.65
2023-08-11,
2023-08-14,32059.91
2023-08-15,32238.89
2023-08-16,31766.82
2023-08-17,31626.00
2023-08-18,31450.76
2023-08-21,31565.64
2023-08-22,31856.71
2023-08-23,32010.26
2023-08-24,32287.21
2023-08-25,31624.28
2023-08-28,32169.99
2023-08-29,32226.97
2023-08-30,32333.46
2023-08-31,32619.34
2023-09-01,32710.62
2023-09-04,32939.18
2023-09-05,33036.76
2023-09-06,33241.02
2023-09-07,32991.08
2023-09-08,32606.84
2023-09-11,32467.76
2023-09-12,32776.37
2023-09-13,32706.52
2023-09-14,33168.10
2023-09-15,33533.09
2023-09-18,
2023-09-19,33242.59
2023-09-20,33023.78
2023-09-21,32571.03
2023-09-22,32402.41
2023-09-25,32678.62
2023-09-26,32315.05
2023-09-27,32371.90
2023-09-28,31872.52
2023-09-29,31857.62
2023-10-02,31759.88
2023-10-03,31237.94
2023-10-04,30526.88
2023-10-05,31075.36
2023-10-06,30994.67
2023-10-09,
2023-10-10,31746.53
2023-10-11,31936.51
2023-10-12,32494.66
2023-10-13,32315.99
2023-10-16,31659.03
2023-10-17,32040.29
2023-10-18,32042.25
2023-10-19,31430.62
2023-10-20,31259.36
2023-10-23,30999.55
2023-10-24,31062.35
2023-10-25,31269.92
2023-10-26,30601.78
2023-10-27,30991.69
2023-10-30,30696.96
2023-10-31,30858.85
2023-11-01,31601.65
2023-11-02,31949.89
2023-11-03,
2023-11-06,32708.48
2023-11-07,32271.82
2023-11-08,32166.48
2023-11-09,32646.46
2023-11-10,32568.11
2023-11-13,32585.11
2023-11-14,32695.93
2023-11-15,33519.70
2023-11-16,33424.41
2023-11-17,33585.20
2023-11-20,33388.03
2023-11-21,33354.14
2023-11-22,33451.83
2023-11-23,
2023-11-24,33625.53
2023-11-27,33447.67
2023-11-28,33408.39
2023-11-29,33321.22
2023-11-30,33486.89
2023-12-01,33431.51
2023-12-04,33231.27
2023-12-05,32775.82
2023-12-06,33445.90
2023-12-07,32858.31
2023-12-08,32307.86
2023-12-11,32791.80
2023-12-12,32843.70
2023-12-13,32926.35
2023-12-14,32686.25
2023-12-15,32970.55
2023-12-18,32758.98
2023-12-19,33219.39
2023-12-20,33675.94
2023-12-21,33140.47
2023-12-22,33169.05
2023-12-25,33254.03
2023-12-26,33305.85
2023-12-27,33681.24
2023-12-28,33539.62
2023-12-29,33464.17
2024-01-01,
2024-01-02,
2024-01-03,
2024-01-04,33288.29
2024-01-05,33377.42
2024-01-08,
2024-01-09,33763.18
2024-01-10,34441.72
2024-01-11,35049.86
2024-01-12,35577.11
2024-01-15,35901.79
2024-01-16,35619.18
2024-01-17,35477.75
2024-01-18,35466.17
2024-01-19,35963.27
2024-01-22,36546.95
2024-01-23,36517.57
2024-01-24,36226.48
2024-01-25,36236.47
2024-01-26,35751.07
2024-01-29,36026.94
2024-01-30,36065.86
2024-01-31,36286.71
2024-02-01,36011.46
2024-02-02,36158.02
2024-02-05,36354.16
2024-02-06,36160.66
2024-02-07,36119.92
2024-02-08,36863.28
2024-02-09,36897.42
2024-02-12,
2024-02-13,37963.97
2024-02-14,37703.32
2024-02-15,38157.94
2024-02-16,38487.24
2024-02-19,38470.38
2024-02-20,38363.61
2024-02-21,38262.16
2024-02-22,39098.68
2024-02-23,
2024-02-26,39233.71
2024-02-27,39239.52
2024-02-28,39208.03
2024-02-29,39166.19
2024-03-01,39910.82
2024-03-04,40109.23
2024-03-05,40097.63
2024-03-06,40090.78
2024-03-07,39598.71
2024-03-08,39688.94
2024-03-11,38820.49
2024-03-12,38797.51
2024-03-13,38695.97
2024-03-14,38807.38
2024-03-15,38707.64
2024-03-18,39740.44
2024-03-19,40003.60
2024-03-20,
2024-03-21,40815.66
2024-03-22,40888.43
2024-03-25,40414.12
2024-03-26,40398.03
2024-03-27,40762.73
2024-03-28,40168.07
2024-03-29,40369.44
2024-04-01,39803.09
2024-04-02,39838.91
2024-04-03,39451.85
2024-04-04,39773.14
2024-04-05,38992.08
2024-04-08,39347.04
2024-04-09,39773.13
2024-04-10,39581.81
2024-04-11,39442.63
2024-04-12,39523.55
2024-04-15,39232.80
2024-04-16,38471.20
2024-04-17,37961.80
2024-04-18,38079.70
2024-04-19,37068.35
2024-04-22,37438.61
2024-04-23,37552.16
2024-04-24,38460.08
2024-04-25,37628.48
2024-04-26,37934.76
2024-04-29,
2024-04-30,38405.66
2024-05-01,38274.05
2024-05-02,38236.07
2024-05-03,
2024-05-06,
2024-05-07,38835.10
2024-05-08,38202.37
2024-05-09,38073.98
2024-05-10,38229.11
2024-05-13,38179.46
2024-05-14,38356.06
2024-05-15,38385.73
2024-05-16,38920.26
2024-05-17,38787.38
2024-05-20,39069.68
2024-05-21,38946.93
2024-05-22,38617.10
2024-05-23,39103.22
2024-05-24,38646.11
2024-05-27,38900.02
2024-05-28,38855.37
2024-05-29,38556.87
2024-05-30,38054.13
2024-05-31,38487.90
2024-06-03,38923.03
2024-06-04,38837.46
2024-06-05,38490.17
2024-06-06,38703.51
2024-06-07,38683.93
2024-06-10,39038.16
2024-06-11,39134.79
2024-06-12,38876.71
2024-06-13,38720.47
2024-06-14,38814.56
2024-06-17,38102.44
2024-06-18,38482.11
2024-06-19,38570.76
2024-06-20,38633.02
2024-06-21,38596.47
2024-06-24,38804.65
2024-06-25,39173.15
2024-06-26,39667.07
2024-06-27,39341.54
2024-06-28,39583.08
2024-07-01,39631.06
2024-07-02,40074.69
2024-07-03,40580.76
2024-07-04,40913.65
2024-07-05,40912.37
2024-07-08,40780.70
2024-07-09,41580.17
2024-07-10,41831.99
2024-07-11,42224.02
2024-07-12,41190.68
2024-07-15,
2024-07-16,41275.08
2024-07-17,41097.69
2024-07-18,40126.35
2024-07-19,40063.79
2024-07-22,39599.00
2024-07-23,39594.39
2024-07-24,39154.85
2024-07-25,37869.51
2024-07-26,37667.41
2024-07-29,38468.63
2024-07-30,38525.95
2024-07-31,39101.82
2024-08-01,38126.33
2024-08-02,35909.70
2024-08-05,31458.42
2024-08-06,34675.46
2024-08-07,35089.62
2024-08-08,34831.15
2024-08-09,35025.00
2024-08-12,
2024-08-13,36232.51
2024-08-14,36442.43
2024-08-15,36726.64
2024-08-16,38062.67
2024-08-19,37388.62
2024-08-20,38062.92
2024-08-21,37951.80
2024-08-22,38211.01
2024-08-23,38364.27
2024-08-26,38110.22
2024-08-27,38288.62
2024-08-28,38371.76
2024-08-29,38362.53
2024-08-30,38647.75
2024-09-02,38700.87
2024-09-03,38686.31
2024-09-04,37047.61
2024-09-05,36657.09
2024-09-06,36391.47
2024-09-09,36215.75
2024-09-10,36159.16
2024-09-11,35619.77
2024-09-12,36833.27
2024-09-13,36581.76
2024-09-16,
2024-09-17,36203.22
2024-09-18,36380.17
2024-09-19,37155.33
2024-09-20,37723.91
2024-09-23,
2024-09-24,37940.59
2024-09-25,37870.26
2024-09-26,38925.63
2024-09-27,39829.56
2024-09-30,37919.55
2024-10-01,38651.97
2024-10-02,37808.76
2024-10-03,38552.06
2024-10-04,38635.62
2024-10-07,39332.74
2024-10-08,38937.54
2024-10-09,39277.96
2024-10-10,39380.89
2024-10-11,39605.80
2024-10-14,
2024-10-15,39910.55
2024-10-16,39180.30
2024-10-17,38911.19
2024-10-18,38981.75
2024-10-21,38954.60
2024-10-22,38411.96
2024-10-23,38104.86
2024-10-24,38143.29
2024-10-25,37913.92
2024-10-28,38605.53
2024-10-29,38903.68
2024-10-30,39277.39
2024-10-31,39081.25
2024-11-01,38053.67
2024-11-04,
2024-11-05,38474.90
2024-11-06,39480.67
2024-11-07,39381.41
2024-11-08,39500.37
2024-11-11,39533.32
2024-11-12,39376.09
2024-11-13,38721.66
2024-11-14,38535.70
2024-11-15,38642.91
2024-11-18,38220.85
2024-11-19,38414.43
2024-11-20,38352.34
2024-11-21,38026.17
2024-11-22,38283.85
2024-11-25,38780.14
2024-11-26,38442.00
2024-11-27,38134.97
2024-11-28,38349.06
2024-11-29,38208.03
2024-12-02,38513.02
2024-12-03,39248.86
2024-12-04,39276.39
2024-12-05,39395.60
2024-12-06,39091.17
2024-12-09,39160.50
2024-12-10,39367.58
2024-12-11,39372.23
2024-12-12,39849.14
2024-12-13,39470.44
2024-12-16,39457.49
2024-12-17,39364.68
2024-12-18,39081.71
2024-12-19,38813.58
2024-12-20,38701.90
2024-12-23,39161.34
2024-12-24,39036.85
2024-12-25,39130.43
2024-12-26,39568.06
2024-12-27,40281.16
2024-12-30,39894.54
2024-12-31,
2025-01-01,
2025-01-02,
2025-01-03,
2025-01-06,39307.05
2025-01-07,40083.30
2025-01-08,39981.06
2025-01-09,39605.09
2025-01-10,39190.40
2025-01-13,
2025-01-14,38474.30
2025-01-15,38444.58
2025-01-16,38572.60
2025-01-17,38451.46
2025-01-20,38902.50
2025-01-21,39027.98
2025-01-22,39646.25
2025-01-23,39958.87
2025-01-24,39931.98
2025-01-27,39565.80
2025-01-28,39016.87
2025-01-29,39414.78
2025-01-30,39513.97
2025-01-31,39572.49
2025-02-03,38520.09
2025-02-04,38798.37
2025-02-05,38831.48
2025-02-06,39066.53
2025-02-07,38787.02
2025-02-10,38801.17
2025-02-11,
2025-02-12,38963.70
2025-02-13,39461.47
2025-02-14,39149.43
2025-02-17,39174.25
2025-02-18,39270.40
2025-02-19,39164.61
2025-02-20,38678.04
2025-02-21,38776.94
2025-02-24,
2025-02-25,38237.79
2025-02-26,38142.37
2025-02-27,38256.17
2025-02-28,37155.50
2025-03-03,37785.47
2025-03-04,37331.18
2025-03-05,37418.24
2025-03-06,37704.93
2025-03-07,36887.17
2025-03-10,37028.27
2025-03-11,36793.11
2025-03-12,36819.09
2025-03-13,36790.03
2025-03-14,37053.10
2025-03-17,37396.52
2025-03-18,37845.42
2025-03-19,37751.88
2025-03-20,
2025-03-21,37677.06
2025-03-24,37608.49
2025-03-25,37780.54
2025-03-26,38027.29
2025-03-27,37799.97
2025-03-28,37120.33
2025-03-31,35617.56
2025-04-01,35624.48
2025-04-02,35725.87
2025-04-03,34735.93
2025-04-04,33780.58
2025-04-07,31136.58
2025-04-08,33012.58
2025-04-09,31714.03
2025-04-10,34609.00
2025-04-11,33585.58
2025-04-14,33982.36
2025-04-15,34267.54
2025-04-16,33920.40
2025-04-17,34377.60
2025-04-18,34730.28
2025-04-21,34279.92
2025-04-22,34220.60
2025-04-23,34868.63
2025-04-24,35039.15
2025-04-25,35705.74
2025-04-28,35839.99
2025-04-29,
2025-04-30,36045.38
2025-05-01,36452.30
2025-05-02,36830.69
2025-05-05,
2025-05-06,
2025-05-07,36779.66
2025-05-08,36928.63
2025-05-09,37503.33
2025-05-12,37644.26
2025-05-13,38183.26
2025-05-14,38128.13
2025-05-15,37755.51
2025-05-16,37753.72
2025-05-19,37498.63
2025-05-20,37529.49
2025-05-21,37298.98
2025-05-22,36985.87
2025-05-23,37160.47
2025-05-26,37531.53
2025-05-27,37724.11
2025-05-28,37722.40
2025-05-29,38432.98
2025-05-30,37965.10
2025-06-02,37470.67
2025-06-03,37446.81
2025-06-04,37747.45
2025-06-05,37554.49
2025-06-06,37741.61
2025-06-09,38088.57
2025-06-10,38211.51
2025-06-11,38421.19
2025-06-12,38173.09
2025-06-13,37834.25
2025-06-16,38311.33
2025-06-17,38536.74
2025-06-18,38885.15
2025-06-19,38488.34
2025-06-20,38403.23
2025-06-23,38354.09
2025-06-24,38790.56
2025-06-25,38942.07
2025-06-26,39584.58
2025-06-27,40150.79
2025-06-30,40487.39
2025-07-01,39986.33
2025-07-02,39762.48
2025-07-03,39785.90
2025-07-04,39810.88
2025-07-07,39587.68
2025-07-08,39688.81
2025-07-09,39821.28
2025-07-10,39646.36
2025-07-11,39569.68
2025-07-14,39459.62
2025-07-15,39678.02
2025-07-16,39663.40
2025-07-17,39901.19
2025-07-18,39819.11
2025-07-21,
2025-07-22,39774.92
2025-07-23,41171.32
2025-07-24,41826.34
2025-07-25,41456.23
2025-07-28,40998.27
2025-07-29,40674.55
2025-07-30,40654.70
2025-07-31,41069.82
2025-08-01,40799.60
2025-08-04,40290.70
2025-08-05,40549.54
2025-08-06,40794.86
2025-08-07,41059.15
2025-08-08,41820.48
2025-08-11,
2025-08-12,42718.17
2025-08-13,43274.67
2025-08-14,42649.26
2025-08-15,43378.31
2025-08-18,43714.31
2025-08-19,43546.29
2025-08-20,42888.55
2025-08-21,42610.17
2025-08-22,42633.29
2025-08-25,42807.82
2025-08-26,42394.40
2025-08-27,42520.27
2025-08-28,42828.79
2025-08-29,42718.47
2025-09-01,42188.79
2025-09-02,42310.49
2025-09-03,41938.89
2025-09-04,42580.27
2025-09-05,43018.75
2025-09-08,43643.81
2025-09-09,43459.29
2025-09-10,43837.67
2025-09-11,44372.50
2025-09-12,44768.12
